loss,mape
0.0007866240339353681,323682.3125
0.0006348560564219952,328148.6875
0.0006225442630238831,326039.8125
0.000603160762693733,326775.84375
0.0006106312503106892,328442.875
