loss,mape
0.02239082381129265,284413.84375
0.004829687532037497,316533.0
0.004125858191400766,316176.15625
0.003194444580003619,319469.4375
0.0018664946546778083,332326.28125
