loss,mape
0.02467065118253231,303906.78125
0.004994094371795654,312650.53125
0.004369890317320824,317410.15625
0.003484957152977586,321444.46875
0.0019123944221064448,313446.46875
