loss,mape
0.002161190379410982,312085.125
0.0012129471870139241,326429.84375
0.0010536437621340156,321019.6875
0.0010389827657490969,326663.90625
0.000940246507525444,326314.75
