loss,mape
0.0015984952915459871,327261.3125
0.0007586528663523495,246112.515625
0.000861518899910152,326720.09375
0.0008450713939964771,323826.46875
0.0008391817682422698,321820.1875
