loss,mape
0.0008277376182377338,322275.53125
0.0006764444406144321,331636.8125
0.0006606766255572438,330773.1875
0.0006550232646986842,322964.4375
0.0006874169921502471,329136.84375
