loss,mape
0.0223261546343565,315596.28125
0.004844325128942728,314384.53125
0.004153270274400711,327345.96875
0.0031984562519937754,314450.84375
0.0017056706128641963,256720.5
