loss,mape
0.023844027891755104,285950.0
0.0050055100582540035,314413.3125
0.004419480450451374,310714.3125
0.0035806407686322927,318169.90625
0.002236143220216036,326330.46875
