loss,mape
0.0011007987195625901,320378.90625
0.0007011265261098742,329694.96875
0.0006130339461378753,223156.953125
0.0006599549669772387,261962.1875
0.0007143291877582669,326249.4375
