loss,mape
0.000699093856383115,325069.25
0.0006007513147778809,323103.59375
0.000625471759121865,329481.5625
0.0006031920202076435,325193.9375
0.0006164537626318634,332211.34375
