loss,mape
0.0014078262029215693,309610.53125
0.0008290488040074706,323677.65625
0.0007818579906597733,325641.5
0.0007847288507036865,327488.40625
0.0007376294233836234,266142.40625
