loss,mape
0.021128561347723007,289579.09375
0.004793074447661638,312367.53125
0.004076445009559393,317759.28125
0.0029766177758574486,319428.28125
0.001987860770896077,331512.0
