loss,mape
0.023311132565140724,297864.875
0.0047547160647809505,316026.65625
0.004093085881322622,319683.40625
0.0030596544966101646,321206.6875
0.0017481010872870684,328417.53125
