loss,mape
0.0020855367183685303,324714.8125
0.0009980995673686266,325131.71875
0.0008870154852047563,265921.6875
0.0008821958326734602,322731.15625
0.0009170688572339714,326640.84375
