loss,mape
0.002383211860433221,316216.96875
0.0013427198864519596,320392.6875
0.0011791189899668097,331560.71875
0.0010433110874146223,245137.703125
0.00104486511554569,326945.53125
