loss,mape
0.0016114851459860802,322403.96875
0.0008951599011197686,320438.21875
0.0008701412007212639,321254.4375
0.0008168801432475448,244168.375
0.000818853557575494,319791.84375
