loss,mape
0.0247906893491745,257587.8125
0.00515937153249979,318709.09375
0.004495109431445599,312869.0
0.0035638108383864164,309915.53125
0.0020683142356574535,325567.25
