loss,mape
0.06107852980494499,149.69317626953125
0.055376775562763214,4400390.0
0.0586046427488327,148.68252563476562
0.05311371013522148,4372549.5
0.0560075081884861,147.31417846679688
