loss,mape
0.0006884188042022288,324680.65625
0.0006147564854472876,328654.84375
0.0006047051283530891,328527.5625
0.0006059915176592767,323214.4375
0.0005792916635982692,324821.25
