loss,mape
0.0018247265834361315,309599.125
0.0009357848903164268,322621.625
0.0008507625316269696,325986.96875
0.0008509793551638722,327105.1875
0.0008239197195507586,327975.84375
