loss,mape,val_loss,val_mape
0.021835193037986755,1989615.25,0.008652242831885815,14.45038890838623
0.014867261052131653,2064807.0,0.014014145359396935,19.149314880371094
0.017195766791701317,2210719.0,0.014173769392073154,19.303606033325195
0.015909535810351372,2274098.75,0.009720828384160995,15.479751586914062
0.01322540920227766,2087155.5,0.007859823293983936,13.894319534301758
