loss,mape,val_loss,val_mape
0.026017360389232635,257340.09375,0.0060419607907533646,30.743896484375
0.00511050084605813,323906.40625,0.004113553557544947,16.5366153717041
0.004397893324494362,318157.03125,0.0035454747267067432,15.365277290344238
0.0036851472686976194,325256.25,0.0025035087019205093,14.363056182861328
0.0023776718880981207,327546.15625,0.0011279216269031167,10.985095024108887
