loss,mape
0.021472347900271416,265627.5625
0.004934406373649836,318234.40625
0.004399909637868404,314605.09375
0.0036435099318623543,234601.359375
0.0026051599998027086,316762.9375
