loss,mape
0.02239726297557354,287387.8125
0.005008067470043898,320183.84375
0.00434008426964283,321257.15625
0.003464711830019951,322638.75
0.0019325797911733389,318320.78125
