loss,mape
0.022017741575837135,301513.90625
0.005041074473410845,312546.0625
0.00440848246216774,318357.6875
0.003864099970087409,315707.65625
0.002861684188246727,296959.03125
