loss,mape
0.058829523622989655,115.92232513427734
0.06381942331790924,5242940.0
0.054922934621572495,114.08377075195312
0.05988876894116402,5244487.0
0.051475733518600464,112.17420196533203
