loss,mape
0.022995470091700554,303956.96875
0.004921410232782364,319329.3125
0.0042581441812217236,242781.96875
0.003587590530514717,314954.21875
0.002177838236093521,322141.25
