loss,mape
0.024000156670808792,272438.65625
0.004681086167693138,312536.6875
0.004158162046223879,314140.875
0.0033978638239204884,320473.34375
0.002007873496040702,242697.265625
