loss,mape
0.022601041942834854,283795.5625
0.004811739549040794,315237.46875
0.004098768811672926,317351.4375
0.0030312249436974525,321676.8125
0.0020551092457026243,322008.25
