loss,mape
0.022591102868318558,281166.15625
0.004775052424520254,321212.5
0.0039792489260435104,320584.84375
0.0027683181688189507,305608.0625
0.0015200795605778694,324721.96875
