loss,mape
0.023869594559073448,339955.96875
0.005039952229708433,319861.90625
0.004329348914325237,315642.375
0.003554080380126834,322562.46875
0.0022341846488416195,325389.46875
