loss,mape,val_loss,val_mape
0.04400966316461563,134682.359375,0.033945418894290924,111.61939239501953
0.02712358348071575,142822.1875,0.01872320845723152,53.66730499267578
0.014486248604953289,144940.78125,0.012518947012722492,39.1581916809082
0.011640572920441628,152755.21875,0.011721606366336346,44.07874298095703
0.00974099151790142,145570.671875,0.008282365277409554,34.999080657958984
