loss,mape,val_loss,val_mape
0.005608442705124617,88365.0859375,0.004022005945444107,15.764459609985352
0.004012679681181908,92838.3515625,0.0036221849732100964,14.875055313110352
0.003512030001729727,92119.734375,0.003078948240727186,14.97851276397705
0.0031901912298053503,94435.984375,0.0027532149106264114,13.773226737976074
0.0030479291453957558,96689.515625,0.00259672780521214,13.09978199005127
