loss,mape
0.02427392266690731,309525.0
0.0050552100874483585,312000.25
0.004345407243818045,315757.5625
0.003625496057793498,311915.0
0.002248705830425024,323985.8125
