loss,mape,val_loss,val_mape
0.03698425367474556,1635239.125,0.02620311826467514,25.157421112060547
0.032018136233091354,1737635.75,0.02224816381931305,23.17047882080078
0.029024701565504074,1771309.5,0.019519999623298645,21.608200073242188
0.02691040001809597,1846601.875,0.018120821565389633,21.059249877929688
0.02661055512726307,1960655.125,0.017801251262426376,21.564207077026367
