loss,mape
0.0025526576209813356,321096.40625
0.0016595785273239017,319884.84375
0.0013073122827336192,260795.203125
0.0011577768018469214,322608.375
0.0010394722921773791,331672.65625
