loss,mape
0.024127790704369545,311504.6875
0.004807131364941597,317047.90625
0.004056073725223541,317474.8125
0.0028657636139541864,318561.875
0.001694377395324409,320320.90625
