loss,mape
0.0012583921197801828,315627.59375
0.0007614678470417857,325368.875
0.0007511383155360818,323506.125
0.000672129332087934,226048.484375
0.0007135872729122639,327187.875
