loss,mape,val_loss,val_mape
0.043632373213768005,93759.4375,0.03627287968993187,950281.5
0.025708887726068497,72666.421875,0.0150596359744668,1045617.1875
0.013794666156172752,93317.546875,0.012452700175344944,1118455.375
0.011682546697556973,90459.703125,0.012151619419455528,1087652.875
0.00943132396787405,88167.8984375,0.007301779929548502,1214089.0
