loss,mape
0.02191842906177044,283208.21875
0.004757016897201538,317073.15625
0.004146828781813383,314759.6875
0.0032366206869482994,319960.28125
0.0018190923146903515,323669.21875
