loss,mape,val_loss,val_mape
0.02347191423177719,299830.0625,0.00511955888941884,24.652082443237305
0.004978745710104704,326180.34375,0.004150261636823416,15.211722373962402
0.004487553145736456,332910.15625,0.003659141017124057,14.507847785949707
0.0036818378139287233,333549.78125,0.0028309107292443514,15.734347343444824
0.0024185075890272856,322629.75,0.0012012971565127373,7.923223495483398
