loss,mape
0.024325385689735413,271814.875
0.0046765743754804134,316260.6875
0.0039690532721579075,318985.625
0.0028232033364474773,311363.0
0.0017170609207823873,326908.09375
