loss,mape
0.0014422123786062002,315648.34375
0.000763399584684521,329537.28125
0.0007717759581282735,329423.28125
0.0007479639607481658,325035.1875
0.0007962388335727155,327067.71875
