loss,mape
0.021159302443265915,341479.90625
0.004853622056543827,315034.90625
0.004225546959787607,318962.03125
0.0032742058392614126,320478.71875
0.002048213966190815,317508.6875
