loss,mape
0.021242886781692505,313944.1875
0.004914110526442528,318862.46875
0.004226001910865307,320279.15625
0.0031622867099940777,318248.03125
0.0018763371044769883,320333.46875
