loss,mape
0.024665774777531624,274086.09375
0.0051216441206634045,306896.59375
0.004443925339728594,313401.53125
0.003624977543950081,317378.125
0.002351416740566492,310273.21875
