loss,mape
0.045553695410490036,94899.3515625
0.021775295957922935,94605.6171875
0.0070533594116568565,91229.8671875
0.005033963359892368,85010.625
0.004274348262697458,86626.578125
