loss,mape
0.0012615909799933434,309558.09375
0.0007819139864295721,327222.59375
0.0007456129533238709,322166.5
0.0007321521989069879,325081.46875
0.0007449211552739143,327353.375
