loss,mape
0.021089646965265274,279710.03125
0.0050055901519954205,319563.5625
0.0043988535180687904,254411.6875
0.0037611827719956636,314108.5625
0.0025920793414115906,316540.5625
