loss,mape
0.021896399557590485,190490.59375
0.004987627733498812,317128.03125
0.004522365517914295,319207.5625
0.003943072631955147,318795.78125
0.0028932869900017977,312489.71875
