loss,mape
0.0023184872698038816,324190.34375
0.0012686805566772819,325186.875
0.0011027937289327383,323334.4375
0.0009714504703879356,321323.375
0.0009561001788824797,326621.25
