loss,mape
0.021402757614850998,312692.53125
0.004891007207334042,311102.25
0.0042432150803506374,238535.328125
0.003500985214486718,315523.03125
0.0022598979994654655,324612.46875
