loss,mape
0.022371262311935425,304265.03125
0.004963541869074106,320108.40625
0.00429900549352169,318315.4375
0.0035617444664239883,222558.15625
0.002449928317219019,315970.28125
