loss,mape
0.001030401443131268,317899.34375
0.0007598223746754229,323038.28125
0.0007446088129654527,323539.28125
0.000744932796806097,324352.25
0.0007017420139163733,323328.0625
