loss,mape
0.01847352273762226,316599.625
0.00471551064401865,319164.59375
0.0040941606275737286,318180.5
0.0029648980125784874,329386.59375
0.0015479614958167076,233661.71875
