loss,mape,val_loss,val_mape
0.05140542611479759,1605594.625,0.04060710594058037,72.76487731933594
0.046492189168930054,1570417.25,0.03807752951979637,68.48728942871094
0.04366211220622063,1491764.25,0.03575512021780014,64.05615234375
0.04016904905438423,1439801.0,0.03312314301729202,59.02852249145508
0.03548248112201691,1406346.75,0.0301236379891634,53.03394317626953
