loss,mape
0.051591917872428894,2490841.5
0.04475165531039238,23.244125366210938
0.040536150336265564,2562143.0
0.03415282815694809,19.74505043029785
0.03051488846540451,2766274.5
