loss,mape,val_loss,val_mape
0.04667842760682106,1580207.875,0.04737429320812225,108.07398986816406
0.04214010387659073,1480607.625,0.0461980402469635,101.29669952392578
0.03842039033770561,1475730.5,0.040835704654455185,93.00474548339844
0.03407582268118858,1362791.25,0.031851280480623245,82.13854217529297
0.02820964716374874,1282629.375,0.021039962768554688,68.803955078125
