loss,mape
0.0012994827702641487,314873.375
0.0007323101162910461,322726.6875
0.0007194811478257179,328118.84375
0.0007066601538099349,329084.84375
0.0007061472861096263,326357.5625
