loss,mape
0.0013512492878362536,320938.5625
0.0009027587948367,321001.09375
0.0008690262911841273,323516.46875
0.0008373305317945778,328236.3125
0.0008300002082251012,328921.4375
