loss,mape
0.0014759552432224154,331010.5625
0.0007844744832254946,324899.9375
0.0007571307942271233,323913.59375
0.0006847374024800956,244310.125
0.0007446465897373855,332816.90625
