loss,mape
0.0516364686191082,2496139.75
0.04703007638454437,23.17439842224121
0.04166775569319725,2630557.25
0.03626572713255882,20.00328254699707
0.0324382409453392,2748593.5
