loss,mape
0.0006715250783599913,315842.3125
0.0005984405288472772,323879.65625
0.0005927614402025938,325595.0
0.000593075470533222,332583.5625
0.0005618767463602126,268379.96875
