loss,mape
0.04388010501861572,147526.5625
0.02695087157189846,140419.703125
0.013240604661405087,156802.328125
0.010304927825927734,131913.015625
0.006965744309127331,135913.71875
