loss,mape
0.0009043641621246934,320202.90625
0.0006714565679430962,330779.9375
0.0006902508321218193,328357.9375
0.0006883622845634818,324746.5
0.0006651714793406427,329007.0
