loss,mape
0.027404984459280968,302673.59375
0.005070144310593605,311819.34375
0.004245087504386902,321810.09375
0.0029488801956176758,323992.78125
0.0015588882379233837,223398.359375
