loss,mape,val_loss,val_mape
0.03329062461853027,1665564.375,0.03160372003912926,31.02895164489746
0.028487538918852806,1773602.5,0.02939455397427082,31.3126220703125
0.02654394879937172,1901956.5,0.02909819968044758,33.03192901611328
0.02567116543650627,1954574.875,0.02920345962047577,34.352386474609375
0.02547762729227543,1941106.625,0.02837846614420414,33.868629455566406
