loss,mape
0.024758050218224525,320197.375
0.004916492383927107,317078.84375
0.004198070149868727,315824.3125
0.003412919584661722,317843.28125
0.0020226817578077316,326230.03125
