loss,mape
0.00070295634213835,244854.71875
0.0006244162213988602,331146.53125
0.0006216031615622342,328009.40625
0.0006256133201532066,327743.8125
0.0006141757476143539,326318.4375
