loss,mape
0.023100487887859344,323287.6875
0.0048759859055280685,247885.84375
0.004231044556945562,318945.46875
0.003475789912045002,319737.5
0.002102641388773918,328971.5
