loss,mape
0.02076168730854988,316944.375
0.00493097398430109,312808.0625
0.004533981904387474,317278.96875
0.004109987989068031,319115.90625
0.0033491733483970165,323000.4375
