loss,mape
0.0009059296571649611,320199.40625
0.0006629144190810621,325799.84375
0.0006768634193576872,329560.4375
0.0006496386486105621,323328.5
0.0006494098342955112,333240.375
