loss,mape
0.0225348062813282,324881.21875
0.005105952266603708,307246.34375
0.004530027508735657,313950.625
0.0038601786363869905,322472.9375
0.002514839405193925,320638.3125
