loss,mape
0.021966207772493362,290965.5
0.005008258856832981,313550.40625
0.004399422090500593,316513.71875
0.0036947480402886868,314237.75
0.0024703058879822493,321884.84375
