loss,mape
0.023208778351545334,261031.25
0.004941376391798258,319302.125
0.00427138851955533,316751.15625
0.0033839019015431404,316392.53125
0.0020492810290306807,320268.125
