loss,mape
0.0013937093317508698,256881.859375
0.0008454743656329811,326680.96875
0.0008098757243715227,328067.03125
0.000801941379904747,324033.53125
0.0007786841015331447,316059.96875
