loss,mape
0.058763764798641205,2490350.75
0.062028732150793076,172.72821044921875
0.055736441165208817,2493855.75
0.05860096961259842,171.2787628173828
0.05282817408442497,2494787.75
