loss,mape,val_loss,val_mape
0.056059595197439194,1841553.25,0.07083183526992798,165.3348388671875
0.053782932460308075,1781294.5,0.06827329844236374,161.95858764648438
0.05251599848270416,1766213.75,0.0656043067574501,158.9315185546875
0.05071116238832474,1716823.0,0.062379829585552216,155.53465270996094
0.04837439954280853,1725663.125,0.058444105088710785,151.20875549316406
