loss,mape,val_loss,val_mape
0.0022284588776528835,381845.15625,0.00378177291713655,3547042.0
0.0015811002813279629,387418.875,0.0035086392890661955,3500527.0
0.001437937025912106,398244.5,0.0037482352927327156,3613532.25
0.0012830928899347782,392637.375,0.0036324404645711184,3612295.75
0.0012016812106594443,387822.65625,0.003339974209666252,3490890.0
