loss,mape,val_loss,val_mape
0.017953645437955856,1905986.375,0.011005720123648643,14.53691577911377
0.014444604516029358,2126611.0,0.012074221856892109,15.815779685974121
0.015377051196992397,2196700.25,0.010437198914587498,14.52808952331543
0.013539334759116173,2073966.125,0.01010005921125412,13.709026336669922
0.012681513093411922,1994650.75,0.010489584878087044,13.265924453735352
