loss,mape
0.02075580693781376,310452.90625
0.004728336818516254,313731.71875
0.004160088021308184,314277.09375
0.00330725172534585,317528.75
0.0020812589209526777,330276.46875
