loss,mape
0.022646192461252213,306376.9375
0.004781310446560383,316904.0625
0.004104554187506437,238383.25
0.003527796594426036,322214.96875
0.0021760014351457357,320411.5625
