loss,mape
0.024683577939867973,293127.34375
0.005066294223070145,317899.0625
0.004367073066532612,316722.5625
0.003671478945761919,321274.625
0.0023633360397070646,320503.84375
