loss,mape,val_loss,val_mape
0.0027180316392332315,574914.5625,0.0011729891411960125,6.475559234619141
0.0017236539861187339,580215.1875,0.0007921310607343912,5.5579514503479
0.001540656667202711,577888.25,0.0007079264032654464,4.206363677978516
0.001405943650752306,572600.0,0.0006453648675233126,4.040353775024414
0.0014320614282041788,580067.25,0.0005868698935955763,3.8988115787506104
