loss,mape
0.021677112206816673,266949.40625
0.004791469778865576,315854.6875
0.004085294436663389,312468.90625
0.0032066914718598127,311667.96875
0.0020365172531455755,320470.28125
