loss,mape,val_loss,val_mape
0.0025126130785793066,569313.5,0.0012496114941313863,6.228954315185547
0.001657047076150775,577069.6875,0.0009991511469706893,5.118138313293457
0.0014906579162925482,570873.625,0.0010378591250628233,4.517474174499512
0.0014376103645190597,581804.5625,0.0008967501926235855,4.116191387176514
0.0014463000698015094,578695.375,0.0008396191406063735,4.313730716705322
