loss,mape
0.022960344329476357,296948.6875
0.004756745882332325,314511.875
0.004012538585811853,221104.5625
0.0032353228889405727,317834.71875
0.0019636270590126514,317296.65625
