loss,mape
0.024731069803237915,274686.8125
0.005186894442886114,313899.125
0.004695078823715448,317660.53125
0.004206211306154728,320369.3125
0.003235385986045003,169709.1875
