loss,mape,val_loss,val_mape
0.05331454798579216,1830119.375,0.07139226794242859,221.54635620117188
0.051277853548526764,1755672.625,0.06931689381599426,217.0592498779297
0.04976808279752731,1740759.25,0.06615699827671051,212.9559326171875
0.04760600998997688,1722971.875,0.061735983937978745,208.23455810546875
0.04531240463256836,1694123.875,0.05638504773378372,201.7736358642578
