loss,mape
0.022273171693086624,317106.0625
0.004892599303275347,315416.3125
0.004310245625674725,319196.34375
0.003595783142372966,319206.125
0.0022008372470736504,316099.84375
