loss,mape
0.021251024678349495,329919.28125
0.0049314917996525764,315264.125
0.0044118985533714294,316883.15625
0.003812028793618083,321579.75
0.0029284495394676924,317015.46875
